{
	"info": {
		"_postman_id": "f2288b7d-5aac-4e52-96c3-d49701957c72",
		"name": "ApiB2",
		"schema": "https://schema.getpostman.com/json/collection/v2.1.0/collection.json"
	},
	"item": [
		{
			"name": "GET All Posts",
			"request": {
				"method": "GET",
				"header": [],
				"url": {
					"raw": "http://localhost:3000/posts",
					"protocol": "http",
					"host": [
						"localhost"
					],
					"port": "3000",
					"path": [
						"posts"
					]
				}
			},
			"response": []
		},
		{
			"name": "CREATE a post",
			"request": {
				"method": "POST",
				"header": [],
				"body": {
					"mode": "urlencoded",
					"urlencoded": [
						{
							"key": "title",
							"value": "Mon 3 article",
							"type": "text"
						},
						{
							"key": "content",
							"value": "COntenu de mon article",
							"type": "text"
						},
						{
							"key": "author",
							"value": "michel",
							"type": "text"
						}
					],
					"options": {
						"raw": {
							"language": "json"
						}
					}
				},
				"url": {
					"raw": "http://localhost:3000/posts",
					"protocol": "http",
					"host": [
						"localhost"
					],
					"port": "3000",
					"path": [
						"posts"
					]
				}
			},
			"response": []
		},
		{
			"name": "GET a post",
			"request": {
				"method": "GET",
				"header": [],
				"url": {
					"raw": "http://localhost:3000/posts/617a708b5be92d9d3bb4f964",
					"protocol": "http",
					"host": [
						"localhost"
					],
					"port": "3000",
					"path": [
						"posts",
						"617a708b5be92d9d3bb4f964"
					]
				}
			},
			"response": []
		},
		{
			"name": "UPDATE a post",
			"request": {
				"method": "PUT",
				"header": [],
				"body": {
					"mode": "urlencoded",
					"urlencoded": [
						{
							"key": "title",
							"value": "Mon test premier article",
							"type": "text"
						},
						{
							"key": "age",
							"value": "19",
							"type": "text"
						}
					]
				},
				"url": {
					"raw": "http://localhost:3000/posts/617a708b5be92d9d3bb4f964",
					"protocol": "http",
					"host": [
						"localhost"
					],
					"port": "3000",
					"path": [
						"posts",
						"617a708b5be92d9d3bb4f964"
					]
				}
			},
			"response": []
		},
		{
			"name": "DELETE a post",
			"request": {
				"method": "DELETE",
				"header": [],
				"url": {
					"raw": "http://localhost:3000/posts/617a708b5be92d9d3bb4f964",
					"protocol": "http",
					"host": [
						"localhost"
					],
					"port": "3000",
					"path": [
						"posts",
						"617a708b5be92d9d3bb4f964"
					]
				}
			},
			"response": []
		}
	]
}